{
  "project_info": {
    "project_number": "749073860599",
    "project_id": "commerce-mobile-app",
    "storage_bucket": "commerce-mobile-app.firebasestorage.app"
  },
  "client": [
    {
      "client_info": {
        "mobilesdk_app_id": "1:749073860599:android:16cbb159af0280a23250f2",
        "android_client_info": {
          "package_name": "com.example.commerce_mobile_app"
        }
      },
      "oauth_client": [],
      "api_key": [
        {
          "current_key": "AIzaSyB1XYoaMDB-W_eHsl8eS4bnxJRLG8TfteE"
        }
      ],
      "services": {
        "appinvite_service": {
          "other_platform_oauth_client": []
        }
      }
    }
  ],
  "configuration_version": "1"
}